/*
SQLyog Ultimate v13.1.1 (64 bit)
MySQL - 5.7.33 : Database - tb_peminjaman_barang
*********************************************************************
*/

/*!40101 SET NAMES utf8 */;

/*!40101 SET SQL_MODE=''*/;

/*!40014 SET @OLD_UNIQUE_CHECKS=@@UNIQUE_CHECKS, UNIQUE_CHECKS=0 */;
/*!40014 SET @OLD_FOREIGN_KEY_CHECKS=@@FOREIGN_KEY_CHECKS, FOREIGN_KEY_CHECKS=0 */;
/*!40101 SET @OLD_SQL_MODE=@@SQL_MODE, SQL_MODE='NO_AUTO_VALUE_ON_ZERO' */;
/*!40111 SET @OLD_SQL_NOTES=@@SQL_NOTES, SQL_NOTES=0 */;
CREATE DATABASE /*!32312 IF NOT EXISTS*/`tb_peminjaman_barang` /*!40100 DEFAULT CHARACTER SET latin1 */;

USE `tb_peminjaman_barang`;

/*Table structure for table `tb_guru` */

DROP TABLE IF EXISTS `tb_guru`;

CREATE TABLE `tb_guru` (
  `id_guru` varchar(5) NOT NULL,
  `nama` varchar(100) DEFAULT NULL,
  PRIMARY KEY (`id_guru`)
) ENGINE=InnoDB DEFAULT CHARSET=latin1;

/*Data for the table `tb_guru` */

insert  into `tb_guru`(`id_guru`,`nama`) values 
('A#$2','ABDUL AZIS ANSORI, S.Kom.'),
('AA','RETIKA WIDYANINGTYAS, S.Pd'),
('AB','RIZKY ADITYA NUGROHO, S.Pd.'),
('AC','SAIFUL AMININ, S.Pd.I.'),
('AD','SAMSUL AMIN, S.Kom'),
('AE','SHOFA AHMADA ALAWY, S.Kom.'),
('AF','SITI MAESAROH, S.Pd.I.'),
('AG','SITI QOMARIYAH, S.Pd.'),
('AH','SUSANTO, S.Pd.'),
('AI','TIEN SRI PURBAYANTI, S.Kom.'),
('AJ','VIKY NUR HANDOKO, S.Pd.'),
('AK','WIWIK YULIATI, S.Pd'),
('AL','ROSY INDAH KURNIAWATI, S.Pd'),
('AM','AHMAD SOLIHUDDIN, S.E'),
('AN','KARTINDRIA FARID NUGROHO, S.Si'),
('AO','NUR LATIFATUL KHOIR, S.Pd'),
('B','ACHMAD CHOIRON, A.Md.'),
('C','AHMAD YANWAR SYARIF'),
('D','ALFYANA IMA NURVITA, S.Pd.'),
('E','ARIEF FATUR ROQI NUR SATIANTORO, S.Pd'),
('F','ASY\'ARI, M.M.'),
('G','BAITUL MUSYAFA\', S.Pd.'),
('H','DIANI RAHMANITABMURNIATI, S.Pd'),
('I','DWIKI CAHYO PRASETYO, '),
('J','ENDANG SISMIATIN, S.Pd.'),
('K','HERI SETIAWAN, M.Pd'),
('L','IHDA SHOFIA RAHMATUNNISA, S.Si., M.Pd.'),
('M','IIS SUGIARTI, S.Pd'),
('N','ILHAM DWI PUSPITA CANDRA S.Kom'),
('O','M. IRFAN AGUS RIYANTO, S.Sos'),
('P','INGGIT HASTA, S.Kom'),
('Q','KAMAL MUSTOFA, S.Pd.I.'),
('R','MUHAMMAD SUYUTI, S.Ap.'),
('S','MEIDINA IHZA KARIMA, S.Pd.'),
('T','MUHAMMAD FEBRIANTO, S.H'),
('U','MOHAMMAD  ZAINURMAN AKBAR, S.Pd.'),
('V','NILA ANDRIANI, S.Pd.'),
('W','NINIK MASITHOH, S.Pd.'),
('Y','QONI\' ABDUL WAHID, S.Kom'),
('Z','GURU BARU');

/*Table structure for table `tb_laptop_peminjaman` */

DROP TABLE IF EXISTS `tb_laptop_peminjaman`;

CREATE TABLE `tb_laptop_peminjaman` (
  `id_laptop` varchar(100) NOT NULL,
  `merk` varchar(100) DEFAULT NULL,
  `processor` varchar(100) DEFAULT NULL,
  `ram` varchar(100) DEFAULT NULL,
  `vga` varchar(100) DEFAULT NULL,
  PRIMARY KEY (`id_laptop`)
) ENGINE=InnoDB DEFAULT CHARSET=latin1;

/*Data for the table `tb_laptop_peminjaman` */

insert  into `tb_laptop_peminjaman`(`id_laptop`,`merk`,`processor`,`ram`,`vga`) values 
('P-01','aus','12','121','121');

/*Table structure for table `tb_laptop_siswa` */

DROP TABLE IF EXISTS `tb_laptop_siswa`;

CREATE TABLE `tb_laptop_siswa` (
  `id_laptop` varchar(100) NOT NULL,
  `merk` varchar(100) DEFAULT NULL,
  `processor` varchar(100) DEFAULT NULL,
  `ram` varchar(100) DEFAULT NULL,
  `vga` varchar(100) DEFAULT NULL,
  `id_siswa` varchar(100) DEFAULT NULL,
  PRIMARY KEY (`id_laptop`)
) ENGINE=InnoDB DEFAULT CHARSET=latin1;

/*Data for the table `tb_laptop_siswa` */

insert  into `tb_laptop_siswa`(`id_laptop`,`merk`,`processor`,`ram`,`vga`,`id_siswa`) values 
('C.01','acer','i3','8','rtx 1650','K1P2L.17-0399'),
('C.02','acer','i4','8','rtx 1651','K2N2L.17-0616'),
('C.03','acer','i5','8','rtx 1652','K1P2L.20-1098'),
('C.04','acer','i6','8','rtx 1653','K2P2L.20-1307'),
('C.05','acer','i7','8','rtx 1654','K2P1L.20-0318'),
('C.06','acer','i8','8','rtx 1655','K1P2L.20-0821'),
('C.07','acer','i9','8','rtx 1656','K1P2L.20-0840'),
('C.08','acer','i10','8','rtx 1657','K2P2L.20-0849'),
('C.09','acer','i11','8','rtx 1658','K1P2L.20-0863'),
('C.10','acer','i12','8','rtx 1659','K2P2L.20-1005'),
('C.11','acer','i13','8','rtx 1660','K2N2L.20-1172'),
('C.12','acer','i14','8','rtx 1661','K1P2L.20-1198'),
('C.13','acer','i15','8','rtx 1662','K1P2L.20-1216'),
('C.14','acer','i16','8','rtx 1663','K1P2L.20-1218'),
('C.15','acer','i17','8','rtx 1664','K1P2L.20-1285'),
('C.16','acer','i18','8','rtx 1665','K2P2L.20-1302'),
('C.17','acer','i19','8','rtx 1666','K2P2L.20-0802'),
('C.18','acer','i20','8','rtx 1667','K2P2L.20-0803'),
('C.19','acer','i21','8','rtx 1668','K1P2L.20-0825'),
('C.20','acer','i22','8','rtx 1669','K1P2L.20-0834'),
('C.21','acer','i23','8','rtx 1670','K2P2L.20-0841'),
('C.22','acer','i24','8','rtx 1671','K1P2L.20-0848');

/*Table structure for table `tb_peminjaman` */

DROP TABLE IF EXISTS `tb_peminjaman`;

CREATE TABLE `tb_peminjaman` (
  `id_peminjaman` int(100) NOT NULL AUTO_INCREMENT,
  `id_peminjam` int(100) DEFAULT NULL,
  `mapel_kegiatan` varchar(200) DEFAULT NULL,
  `waktu_peminjaman` timestamp NULL DEFAULT CURRENT_TIMESTAMP,
  `waktu_pengembalian` timestamp NULL DEFAULT NULL,
  `id_guru` varchar(100) DEFAULT NULL,
  PRIMARY KEY (`id_peminjaman`)
) ENGINE=InnoDB DEFAULT CHARSET=latin1;

/*Data for the table `tb_peminjaman` */

/*Table structure for table `tb_pengambilan` */

DROP TABLE IF EXISTS `tb_pengambilan`;

CREATE TABLE `tb_pengambilan` (
  `id_pengambilan` int(100) NOT NULL AUTO_INCREMENT,
  `id_siswa` varchar(100) DEFAULT NULL,
  `id_guru` varchar(100) DEFAULT NULL,
  `mapel_kegiatan` varchar(200) DEFAULT NULL,
  `waktu_pengambilan` timestamp NULL DEFAULT CURRENT_TIMESTAMP,
  `waktu_pengembalian` timestamp NULL DEFAULT NULL,
  PRIMARY KEY (`id_pengambilan`)
) ENGINE=InnoDB DEFAULT CHARSET=latin1;

/*Data for the table `tb_pengambilan` */

/*Table structure for table `tb_siswa` */

DROP TABLE IF EXISTS `tb_siswa`;

CREATE TABLE `tb_siswa` (
  `id_siswa` varchar(100) NOT NULL,
  `nama_siswa` varchar(100) DEFAULT NULL,
  `kelas_siswa` varchar(100) DEFAULT NULL,
  PRIMARY KEY (`id_siswa`)
) ENGINE=InnoDB DEFAULT CHARSET=latin1;

/*Data for the table `tb_siswa` */

insert  into `tb_siswa`(`id_siswa`,`nama_siswa`,`kelas_siswa`) values 
('K1N1B.21-0680','HERNANDO RISKI AKBAR','X MM C'),
('K1N1B.21-1299','MAULANA NUR HIDAYAT','X MM C'),
('K1N1B.21-1375','MUHAMMAD PEARL OCSHADA','X TKJ C'),
('K1N1B.21-1377','MUHAMMAD ILHAM SABILUL WAFA','X MM C'),
('K1N1B.21-1416','LINTANG AMILUDIN ZULFAN','X MM C'),
('K1N1B.21-1459','RULI ADI SAPUTRO','X TKJ B'),
('K1N2L.16-0960','TANTA PAHLEVI','11 MM C'),
('K1N2L.17-0066','AJI NUR WASESA','11 MM C'),
('K1N2L.17-0159','ALBET AHSANAKALLOH','11 MM C'),
('K1N2L.20-1206','FEBRIAN HADI NUGROHO','11 TKJ B'),
('K1N3L.16-0166','MUHAMMAD KHOIRU ROSYADI','12 TKJ C'),
('K1N3L.16-0349','MUHAMMAD IBNU ALIF MAULANA','12 TKJ C'),
('K1N3L.16-0844','MOHAMMAD AFRIZAL HAQ','12 MM B'),
('K1N3L.19-0630','MUHAMMAD CHAIDAR AL KHARIM','12 TKJ C'),
('K1N3L.19-1164','KHEN MUHAMMAD CAHYO','12 TKJ B'),
('K1P1B.21-0621','MOH. ADIB FADHLIL MUTTAQIEN','X TKJ D'),
('K1P1B.21-0624','MUHAMAD HATTA AL-FAKHRI','X MM C'),
('K1P1B.21-0626','SYIVA AHSANIL UMAM','X TKJ B'),
('K1P1B.21-0628','KHRESNA YUDA PRATAMA','X TKJ B'),
('K1P1B.21-0629','CAHYO AGENG SAMPORNO','X TKJ B'),
('K1P1B.21-0630','AHMAD TAKBIRUL AKBAR','X TP'),
('K1P1B.21-0632','ZUYYINA NUWAFFIL MA\'RUF','X TKJ B'),
('K1P1B.21-0634','AZKA ASSABIQ MUHAMMAD','X TKJ B'),
('K1P1B.21-0635','FHADIL ARYA SAPUTRA','X TP'),
('K1P1B.21-0636','NABIL MAULANA RAHKMAN','X TEI'),
('K1P1B.21-0637','DANI SETIAWAN','X TKJ B'),
('K1P1B.21-0638','MUHAMMAD ZAENUDDIN NOOR','X TKJ C'),
('K1P1B.21-0640','NAUFAL MAULANA AKHMAD','X TKJ B '),
('K1P1B.21-0642','BAGUS NUR IHYA','X MM C'),
('K1P1B.21-0646','BAGAS ARRASYID','X TKJ B'),
('K1P1B.21-0648','RAFLIANSYAH FATCHURROZI HIDAYAT','X TKJ B'),
('K1P1B.21-0649','DAFFA ZAIDAN NASHIF','X MM C'),
('K1P1B.21-0651','BAYU RAMADHAN','X TP'),
('K1P1B.21-0656','MUCH. FARID ALFARICHY','X MM C'),
('K1P1B.21-0657','SHAQY RITO ARYANTO','X TKJ B'),
('K1P1B.21-0658','MUHAMMAD DAFFA NURROCHMAN','X TKJ B'),
('K1P1B.21-0661','RIZQI AHMAD ANUGRAH','X TKJ B'),
('K1P1B.21-0662','AHMAD IKHWAN MAULANA','X TKJ B'),
('K1P1B.21-0664','AHMAD ALVIN AZIZI','X MM C'),
('K1P1B.21-0665','AHMAD BINAR ROBBANI','X TEI'),
('K1P1B.21-0666','FARREL KHYNANCAHYO WICAKSONO','X MM C'),
('K1P1B.21-0667','MUHAMMAD KASYFU NAJIB','X TKJ B'),
('K1P1B.21-0669','MUHAMMAD LUTHFI ALAMSYAH','X TKJ B'),
('K1P1B.21-0671','MUHAMMAD FAUZAN ADZIMA','X TEI'),
('K1P1B.21-0672','MUHAMMAD ARIFIN','X TKJ B'),
('K1P1B.21-0673','MUHAMMAD NAUFAL NAJI','X TEI'),
('K1P1B.21-0674','NAUFAL AULIYA RAHMAN','X TKJ B'),
('K1P1B.21-0676','MOCH. ABIAN FATAH','X TP'),
('K1P1B.21-0678','PANJI SEGARA BRILLIANT SYAH','X MM C'),
('K1P1B.21-0679','FALIH PERDANA DEWANTARA','X TKJ D'),
('K1P1B.21-0681','M. TAUFIQILLAH AL-KHASANI','X TEI'),
('K1P1B.21-0682','HARUN AL RASYID','X TEI'),
('K1P1B.21-0684','MUHAMMAD QODIR MA\'SUM','X TKJ B'),
('K1P1B.21-0687','BAGUS ALI NUGRAHA','X TEI'),
('K1P1B.21-0688','MUHAMMAD ALFA ALHADIID PRASETYOKO','X MM C'),
('K1P1B.21-0691','PUTRA SYAHRUL MU\'ALIEF','X TKJ B'),
('K1P1B.21-0692','MUHAMMAD RIZKI SAILUN NI\'AMI','X TKJ B'),
('K1P1B.21-0694','MUCHAMMAD ADDIN RIJALDI','X TEI'),
('K1P1B.21-0695','FARIZ NURFADILAH','X TEI'),
('K1P1B.21-0697','MUHAMMAD ABEL PERMANA','X TKJ D'),
('K1P1B.21-0812','JAROT SALI AL FARIJI','X TEI'),
('K1P1B.21-0939','MUHAMMAD AFZAL ALFAUZI','X TKJ B'),
('K1P1B.21-0940','HANDIKA WAHYU ERLANGGA','X TEI'),
('K1P1B.21-0942','TAZRIL IQBAL','X TKJ C'),
('K1P1B.21-0943','AKHMAD FARKHANUN NIAM','X TKJ B'),
('K1P1B.21-0944','HAFIZH IBNU HARSONO','X TEI'),
('K1P1B.21-0945','MOCHAMAD EDY WIYONO','X TEI'),
('K1P1B.21-0946','KHOLID MUHTADI','X TEI'),
('K1P1B.21-0947','MUHAMMAD ABDUN NAHROWI','X TKJ B'),
('K1P1B.21-0948','MUHAMAD AJI SETYA PRATAMA','X MM C'),
('K1P1B.21-0950','FATHAN A\'ANTASAN','X TKJ B'),
('K1P1B.21-0951','FIDDAN SARWO PRABOWO','X TKJ D'),
('K1P1B.21-0955','IKHYA ULUMUDDIN ','X MM C'),
('K1P1B.21-0957','MUHAMMAD ALAWI ALMALIKI','X MM C'),
('K1P1B.21-0958','EGI AHMAD FAHREZI','X TKJ D'),
('K1P1B.21-0959','DIMAS PRASETIA','X TKJ D'),
('K1P1B.21-0961','AGENG GALIH SATRIO LUHUR','X TP'),
('K1P1B.21-0966','ACHMAD FAIS ZAM ZAMI','X TKJ B '),
('K1P1B.21-0970','KHAFID MAULANA','X TP'),
('K1P1B.21-0971','AHMAD FAISAL','X TKJ D'),
('K1P1B.21-0973','MUHAMMAD R RAISYAALBANI','X TEI'),
('K1P1B.21-0975','RIFKY RAHMAT ABIDIN','X TP'),
('K1P1B.21-0978','MUHAMMAD YUDHA HISYAM MAULANA','X TP'),
('K1P1B.21-1008','ABI SAYYID AL QUSYAIRI','X TKJ B '),
('K1P1B.21-1009','M. ILHAM ADIL ABDILH','X TKJ D'),
('K1P1B.21-1010','NASUKA ASAD KAMAL','X MM C'),
('K1P1B.21-1048','AUZAN AZINUDDIN WAZIDIATAMA','X TKJ D'),
('K1P1B.21-1049','DZAKWAN ARIQ MUGNI ATHALLAH','X MM C'),
('K1P1B.21-1050','ZAID FAJAR ZAKARIA','X TKJ D'),
('K1P1B.21-1051','MUHAMAD ASYKAR','X TKJ D'),
('K1P1B.21-1052','MUHAMMAD KRISNA SANDY','X TKJ C'),
('K1P1B.21-1056','ACHMAD BRYAN WIDISENO','X TKJ C'),
('K1P1B.21-1058','ABIDUR ROZIK','X TKJ C'),
('K1P1B.21-1059','SENGGY PRAYOGA SUGARDHA','X MM C'),
('K1P1B.21-1060','AKHMAD NASRI ILHAM','X TEI'),
('K1P1B.21-1062','AHMAD SYARIFUDIN','X TKJ D'),
('K1P1B.21-1063','AHMAD FAUZI ROHMAN','X TKJ C'),
('K1P1B.21-1083','ULIL NGIZZA','X TEI'),
('K1P1B.21-1084','MUHAMMAD RICKY GAUTAMA PUTRA','X TEI'),
('K1P1B.21-1085','MUHAMMAD RICKO GAUTAMA PUTRA','X TEI'),
('K1P1B.21-1086','ARFAN AL BUKHARI','X TKJ C'),
('K1P1B.21-1087','ERLANGGA WISHNU AJI','X MM C'),
('K1P1B.21-1090','MOHAMAD NURIL ASARODIN','X TKJ C'),
('K1P1B.21-1104','RASYID FAIZ','X MM C'),
('K1P1B.21-1106','MUHAMAD ARJUNA ADITYA ISWANTO','X TP'),
('K1P1B.21-1109','WILDAN JUANDA','X TKJ C'),
('K1P1B.21-1111','ACHMAD MUSYAFA’ AL HARIRI','X TEI'),
('K1P1B.21-1171','MUHAMMAD NUR PUTRA KARIMAL .A','X TKJ B'),
('K1P1B.21-1172','MOHAMMAD RIDHO KAFA BIH','X TP'),
('K1P1B.21-1174','MUHAMMAD RAFLY AVICENNA AL FIRDAUS','X MM C'),
('K1P1B.21-1175','AUFAA AKMAL HIBATULLAH','X TKJ D'),
('K1P1B.21-1176','RAKY RACHMADANI','X TEI'),
('K1P1B.21-1197','SUSILO','X TEI'),
('K1P1B.21-1200','FAHRUR ROZI','X TKJ C'),
('K1P1B.21-1201','AZKIYA AHMED AL \'ASHOM','X TKJ C'),
('K1P1B.21-1202','AHMAD FATHONI','X TEI'),
('K1P1B.21-1238','AHMAD FAIZAL ANWAR','X TKJ C'),
('K1P1B.21-1258','SEPTI NO TRI KURNIAWAN','X TKJ C'),
('K1P1B.21-1259','DIMAS REZA PANGESTU','X TKJ C'),
('K1P1B.21-1261','KANZUL FIKRY','X TKJ C'),
('K1P1B.21-1263','ABDURAHMAN AHNAF RASYAD','X TEI '),
('K1P1B.21-1264','MUHAMMAD FAIQ ILHAM','X TKJ D'),
('K1P1B.21-1266','MUHAMMAD ARYAN ARDAN L.','X TKJ C'),
('K1P1B.21-1272','MOHAMMAD FACHRY AZIS','X MM C'),
('K1P1B.21-1273','MUHAMAD RHAFFY PERMANA','X TKJ C'),
('K1P1B.21-1274','AHMAD FAHAD AINUN NAJIB','X TP'),
('K1P1B.21-1281','ABDULLAH RIZAL','X TKJ C'),
('K1P1B.21-1287','HILMI MUHAMMAD ZAINI AKBAR','X TKJ C'),
('K1P1B.21-1291','MUHAMMAD FADZILLAH RAIHAN','X TP'),
('K1P1B.21-1292','RAHMAD AGUNG JAYADI VISHESHA','X MM C'),
('K1P1B.21-1294','AR RAYAN','X TEI '),
('K1P1B.21-1296','AJI NANDAHERU SAPUTRA','X MM C'),
('K1P1B.21-1297','MIFTAHUL HUDA','X TP'),
('K1P1B.21-1300','KHOLIF HASYIM','X TKJ C'),
('K1P1B.21-1302','IRFAIL HASANI','X TKJ D'),
('K1P1B.21-1346','HABIB YUSUF ALHAMDANI','X TKJ C'),
('K1P1B.21-1354','MUZAMMIL AHMAD RIDLO','X TEI'),
('K1P1B.21-1379','ISFAK BAYU AJI','X TP'),
('K1P1B.21-1419','FEBRI YANTORO','X TEI'),
('K1P1B.21-1428','HALBA NAJA SILMI','X TP'),
('K1P1B.21-1455','ADE FAUZY RASYA','X TP'),
('K1P1B.21-1482','MUHAMAD MAULANA NAUFAL WIDODO','X TKJ D'),
('K1P1B.21-1491','MOHAMMAD HAFIZD HANDOYO','X MM C'),
('K1P1B.21-1492','DICKY MAHENDRA','X MM C'),
('K1P1B.21-1498','ARNANDY RAMAFIDIN SURYADI','X TKJ D'),
('K1P1B.21-1499','REIHAN PRAMIDIA MUKTI','X TP'),
('K1P1B.21-1537','MOHAMAD ALDI RAMDHANI','X MM C'),
('K1P1B.21-1539','MUHAMMAD FAHMI ZAKARIA','X TKJ D'),
('K1P1B.21-1540','MOHAMAD WAKHIDUL QOHAR','X TP'),
('K1P1B.21-1541','ANDIKA DWI PRATAMA','X TKJ D'),
('K1P1B.21-1543','RACHMAD HIDAYATULLAH','X TKJ D'),
('K1P1B.21-1550','MOH ALY YA\'LU WALA YU\'LA NGALAI','X TKJ D'),
('K1P1B.21-1563','YUSUF JAVA ABIMADIA','X MM C'),
('K1P1B.21-1577','MUSTOFA','X TKJ D'),
('K1P1B.21-1579','DAVA ADIKA FAIQ','X TP'),
('K1P1B.21-1586','SUNGGING ZAKY NASHIHUL AMIN','X TKJ C'),
('K1P1B.21-1588','AKHMAD RAFI KHALID ASSIDQI','X TKJ D'),
('K1P1B.21-1590','MOH. BILAL THIRTA FIRDAUS','X MM C'),
('K1P1B.21-1650','MUHAMMAD HATTA PERDANA','X TP'),
('K1P1B.21-1658','RADEN HAMDAN RIZQY MAULANA AS SAIFY','X TKJ B'),
('K1P1B.21-1664','HABIB EKA AJI SAPUTRA','X TEI'),
('K1P1B.21-1670','MAS\'UDI','X TP'),
('K1P1B.21-1671','AHMAD AROBI','X TP'),
('K1P1B.21-1683','REZA ADI SETIAWAN','X TKJ C'),
('K1P1B.21-1733','RAKHA ATTAYA KISWANTO PUTRA','X MM C'),
('K1P1L.17-0037','FAIQ GHOZI MUBAROK','X TKJ D '),
('K1P1L.18-0018','ATMIM MUKASYIFUN NUHA','X TP'),
('K1P1L.18-0041','AHID SYAUQI MUJTABA','X TKJ D'),
('K1P1L.18-0110','MUHAMMAD ALI ROZAQ','X TKJ B'),
('K1P1L.18-0114','AGUNG SETIAWAN','X TKJ B'),
('K1P1L.18-0151','ILHAM ACHMAD ISTIAFIN','X TKJ D'),
('K1P1L.18-0168','PIQIH ABDUL BASIT ASAKIR','X TP'),
('K1P1L.18-0169','ADITYA ADHA NUR RAHMAN','X TP'),
('K1P1L.18-0185','MUHAMMAD IBNU RUSLAN','X TEI'),
('K1P1L.18-0192','NAUFAL FADHLI BAHAA\'UDDIN','X TKJ D'),
('K1P1L.18-0239','MUHAMMAD IBADILAH HASANIN','X TKJ C'),
('K1P1L.18-0329','AHMAD MAHRUSH SA\'ID','X TKJ D '),
('K1P1L.18-0445','FANDY SATYA NURFAUZI','X TKJ C'),
('K1P1L.18-0512','MUHAMMAD NARIS IRFAN FAUZI','X TKJ C'),
('K1P1L.18-0524','MOHAMMAD ALVIN RIVANI','X TKJ C'),
('K1P1L.18-0542','ARIFIN DYMNASTIAR','X TKJ C'),
('K1P1L.18-0603','MUH. ARDI PUTRA PRATAMA','X TEI'),
('K1P1L.18-0733','MUHAMMAD ZAKI RAMADHANI ISMAIL','X TKJ C'),
('K1P1L.18-0743','MOHAMMAD ILHAM FAHMI AL GHOFIQI','X TKJ C'),
('K1P1L.18-0869','ARIEL FAIRUS SANTOSO','X TKJ D'),
('K1P1L.18-0891','RAFLY SALSABIL SUBIYANTO','X TKJ B'),
('K1P1L.18-0947','MUHAMMAD YUSUF RIDHO','X TP'),
('K1P1L.18-1001','MUHAMMAD ALVIAN KHAMZAH','X TKJ B'),
('K1P1L.18-1066','MUHAMMAD OKTA RAMADHANI','X MM C'),
('K1P1L.18-1132','MOCH. AFIF SIFFAUDIN WAHID','X MM C'),
('K1P1L.18-1142','SURYO BURHANUDIN YUSUF','X TEI'),
('K1P1L.18-1165','ASHA YUSUF AL FREDHO','X TP'),
('K1P1L.19-0951','HUSNA AZIS PRIYUANA','X TKJ D'),
('K1P1L.19-0952','DAFA ROSIKH ARDANI','X MM C'),
('K1P1L.19-1033','MICKY MAULANA','X TKJ B'),
('K1P1L.19-1298','MUHAMMAD RAIHAN NAJIB','X TKJ D '),
('K1P1L.19-1320','HARRY INZAGI','X MM C'),
('K1P2L.17-0290','MUHAMAD JANKY DAUSATH','11 MM C'),
('K1P2L.17-0399','MOHAMMAD ULINNUHA AL HAKIM','11 MM D'),
('K1P2L.17-0787','ARIB ABDURRAHMAN HANIF','11 TKJ C'),
('K1P2L.17-0795','ADAM WAHYU SAPUTRA','11 MM C'),
('K1P2L.17-0813','FADLY MURTADHO AHMAD','11 TKJ B'),
('K1P2L.17-0866','MUHAMAD IRCHAM FADLIANSYA','11 MM C'),
('K1P2L.20-0530','RAIHAN WACHID JUNIAN MUSAPUTRA','11 TKJ B'),
('K1P2L.20-0646','MUHAMAD ADJIE SAPUTRA','11 MM B'),
('K1P2L.20-0806','AGUNG HADI WICAKSONO','11 MM B'),
('K1P2L.20-0807','MUHAMMAD SUSILO RAMADHANTP','11 TKJ B'),
('K1P2L.20-0808','TUBAGUS RIZKI','11 TKJ C'),
('K1P2L.20-0810','ZIKRI FIRMAN SAPUTRA','11 TKJ C'),
('K1P2L.20-0813','FATHIR MUZAKI MUNIF','11 MM B'),
('K1P2L.20-0816','MOKHAMAT SHIFA UDDIN FIKRI MUSNAINI','11 MM C'),
('K1P2L.20-0817','AHMAD FAIZAL HAFID AFFANDI','11 TKJ C'),
('K1P2L.20-0818','GINANJAR PRIHANTORO','11 TKJ C'),
('K1P2L.20-0819','AGUS FUADI RAJA','11 TKJ B'),
('K1P2L.20-0820','RIDHO ADI FIRMANSYAH','11 MM C'),
('K1P2L.20-0821','FACHRI ALIEF ZEN','11 MM B'),
('K1P2L.20-0823','ABDUL KAFI SYADZILI','11 MM B'),
('K1P2L.20-0825','M. NADZIF RAMADANI MASHURI','11 MM B'),
('K1P2L.20-0827','NADHIF SAREH MUBAROQ','11 MM B'),
('K1P2L.20-0829','MUHAMMAD RIFALDI','11 TKJ C'),
('K1P2L.20-0830','MUHAMMAD FACHRI AT TAJDID','11 MM C'),
('K1P2L.20-0831','MUHAMMAD AINUR ROFIQ','11 MM C'),
('K1P2L.20-0832','NOFAL RISKIANSYAH','11 TKJ C'),
('K1P2L.20-0833','MUHAMMAD AS`ADUR ROFIQ','11 TKJ C'),
('K1P2L.20-0834','RIFKO GUNALAUYA','11 MM C'),
('K1P2L.20-0836','LUQMAN HIDAYAT','11 MM C'),
('K1P2L.20-0837','ABDULLAH NUR KHARIM','11 TKJ B'),
('K1P2L.20-0838','AHMAD SAEFUL ANNAM','11 TKJ C'),
('K1P2L.20-0839','MUHAMMAD NUR NGARIFATUL FATAH','11 TKJ B'),
('K1P2L.20-0840','KAHEKSA AGAS DZIKIR','11 MM B'),
('K1P2L.20-0843','FARREL JATI LOKATARA','11 MM B'),
('K1P2L.20-0844','MUBAIDI MUSTOFA','11 TKJ C'),
('K1P2L.20-0847','MUHAMMAD YUSUF','11 MM B'),
('K1P2L.20-0848','MUHAMMAD DENI RAMADHAN','11 TKJ C'),
('K1P2L.20-0851','ANTONI PRATAMA','11 MM B'),
('K1P2L.20-0852','DO`A MAHDAFIQIA','11 TKJ B'),
('K1P2L.20-0854','AGUS FIRMANSYAH PRATAMA','11 TKJ B'),
('K1P2L.20-0860','AHMAD SHIDIQ SHOKHIBUL IHSAN','11 TKJ B'),
('K1P2L.20-0861','USMAN FAJRI MAULANA','11 TKJ C'),
('K1P2L.20-0862','AS`ADURROFIQ','11 TKJ B'),
('K1P2L.20-0863','MUHAMMAD RIAN FATHURROZAQ','11 MM B'),
('K1P2L.20-0865','A. IZZUL MAULA','11 MM B'),
('K1P2L.20-0866','UBAIDILLAH','11 MM C'),
('K1P2L.20-0867','ADAM ALI GHUFRONOO','11 MM B'),
('K1P2L.20-0868','IBNU NUR IKSAN','11 TKJ B'),
('K1P2L.20-0869','FAIZZ KURNIAWAN','11 MM C'),
('K1P2L.20-0875','MAULANA REZA ISMARA','11 TKJ B'),
('K1P2L.20-0876','MUHAMMAD IRFAN SHODIQ','11 TKJ C'),
('K1P2L.20-0877','MUHAMMAD LUTHFI `AZIIZ MUSYAFA`','11 TKJ C'),
('K1P2L.20-0880','CHAERUL AEF','11 MM B'),
('K1P2L.20-0882','MUHAMMAD KHUSNU ROZAQ','11 MM C'),
('K1P2L.20-0884','NIZAR ZULMI ARFANI','11 TKJ B'),
('K1P2L.20-0885','AMIR MAHMUD ASHIDIKI','11 MM B'),
('K1P2L.20-0886','IRFAN NABIL MAKARIM','11 MM C'),
('K1P2L.20-0887','ADITYA RIZKY FERDIANSYAH','11 TKJ B'),
('K1P2L.20-0891','AHMADUN SIYAMULADI','11 TKJ B'),
('K1P2L.20-0892','GALAN FAIZAL RAHMAN','11 TKJ B'),
('K1P2L.20-0893','AHMAD FAUSI','11 TKJ B'),
('K1P2L.20-0894','M. NUR KHOLIS','11 TKJ B'),
('K1P2L.20-0895','IHSAN HADI PUTRA','11 MM B'),
('K1P2L.20-0896','MOH. FAIZAL ALFARABI','11 TKJ C'),
('K1P2L.20-0897','MOHAMAD YUSUF NURHUDA','11 MM C'),
('K1P2L.20-0898','AHMAD JAIDI','11 TKJ C'),
('K1P2L.20-0920','MARIO RAYNALDY AQHSAL','11 MM B'),
('K1P2L.20-0921','HUSEIN RIDHO MAULANA','11 TKJ B'),
('K1P2L.20-0922','HASAN RIDHO MAULANA','11 MM C'),
('K1P2L.20-0972','MUHAMMAD RAFI`LISDIARTO','11 MM C'),
('K1P2L.20-0974','MUHAMMAD WIDI FARIQHI','11 MM C'),
('K1P2L.20-0975','MUHAMAD ADLY FADHIL','11 TKJ C'),
('K1P2L.20-0976','CHANDRA HALIM','11 TKJ C'),
('K1P2L.20-0977','MUH. JAWAHIRIL ULUM','11 MM B'),
('K1P2L.20-0978','MOCH. RIZKY JULIANSYAH','11 TKJ B'),
('K1P2L.20-0979','ASHDAQ FILLAH','11 TKJ B'),
('K1P2L.20-0982','ANGGI REZA SEKYA HERLAMBANG','11 MM B'),
('K1P2L.20-1004','MOHAMMAD NADHIR','11 TKJ C'),
('K1P2L.20-1057','GIOVANNI ARMANDO FALAH','11 TKJ B'),
('K1P2L.20-1059','DERITH ARYA PUTRA PRASTYO','11 MM C'),
('K1P2L.20-1060','M.RIJAL MASYHURI AN NAWAWI','11 TKJ C'),
('K1P2L.20-1062','MUHAMMAD AQIL SIROJ AL FARISI','11 TKJ C'),
('K1P2L.20-1063','M. SAIFUDDIN ZUHRI','11 TKJ C'),
('K1P2L.20-1064','IHSAN NUR WAHID','11 TKJ C'),
('K1P2L.20-1096','DEWA FEBRIANTO SULAIMAN','11 TKJ B'),
('K1P2L.20-1097','UBAIDILLAH SYAKIRIN','11 TKJ C'),
('K1P2L.20-1098','ALVIN CHOIRONI','11 TKJ B'),
('K1P2L.20-1175','MUHAMMAD LUTFI ISHAQ','11 TKJ C'),
('K1P2L.20-1177','NASHRULLAH FATTAH','11 TKJ B'),
('K1P2L.20-1178','MUHAMMAD ALI MUSTHOFA AL FARIZ','11 TKJ B'),
('K1P2L.20-1198','M. ARIELLA HABIB HERMAWAN','11 TKJ B'),
('K1P2L.20-1207','MUHAMMAD WAHYU RIDWANA MAHA PUTRA','11 MM C'),
('K1P2L.20-1208','MUHAMMAD SYAHARA DHIYA`U RAMADHAN','11 TKJ B'),
('K1P2L.20-1209','MUHAMMAD JEFRI WIJAYA','11 MM B'),
('K1P2L.20-1212','RIZKY BAGUS CARITO','11 TKJ C'),
('K1P2L.20-1213','DANIEL EFRY NUGROHO','11 MM C'),
('K1P2L.20-1214','MUHAMMAD ABDUL JALIL','11 TKJ C'),
('K1P2L.20-1216','ARIF IZZUDIN SYAHARI','11 MM B'),
('K1P2L.20-1218','MUHAMMAD YUSUF','11 TKJ B'),
('K1P2L.20-1285','FATKHUR RIZQI','11 TKJ C'),
('K1P2L.20-1301','MUHAMMAD SIROJ ANNABA','11 MM B'),
('K1P2L.20-1321','MUHAMMAD TEDI SAPUTRA','11 MM C'),
('K1P2L.20-1323','CHASAN WIRAYUDA','11 MM B'),
('K1P2L.20-1328','HAFID NUR KARIM','11 TKJ C'),
('K1P2L.20-1331','NUR ISKANDAR','11 MM C'),
('K1P2L.20-1359','AHMAD BARKAH FUADI','11 TKJ C'),
('K1P2L.20-1362','MUKHAMAD IMAM JAUHARI','11 TKJ C'),
('K1P2L.20-1367','TEGUH HIDAYAT','11 TKJ B'),
('K1P2L.20-1368','MOCH. IBNU SUUD','11 MM C'),
('K1P2L.20-1383','MUHAMMAD AYSFA FAUZAN ZEIN','11 MM C'),
('K1P2L.20-1405','MUHAMMAD RIYADH','11 TKJ B'),
('K1P2L.20-1427','MOH. SYAHRUL MUSTHOFA','11 MM B'),
('K1P2L.20-1428','WAHYU SAPUTRA HIDAYATULLAH','11 MM B'),
('K1P2L.20-1471','ANANDA ERTAFFANDIA','11 MM B'),
('K1P2L.20-1472','MUHAMMAD HAIKAL WAHYU ROBBY','11 MM B'),
('K1P3L.16-0186','MUHAMMAD GIBRAN FAULINNURRAMADHAN AL-FARABY','12 TKJ C'),
('K1P3L.18-1143','HASAN ALI MUHAMAD ALAM','12 MM B'),
('K1P3L.19-0039','LILI JAMALI','12 TKJ C'),
('K1P3L.19-0040','OKI MAULANA','12 MM B'),
('K1P3L.19-0052','FADLIL `ULUM','12 TKJ B'),
('K1P3L.19-0115','BERKA HASBY ANGGARA','12 MM B'),
('K1P3L.19-0175','MUHAMMAD TIS`A TABI`','12 MM B'),
('K1P3L.19-0189','HAFIZD FADHILAH AKBAR','12 MM B'),
('K1P3L.19-0283','AHMAD NUR RIDHO','12 TKJ B'),
('K1P3L.19-0284','ADI WIDHIANTO','12 TKJ B'),
('K1P3L.19-0285','FIKRI ADITIA PRATAMA','12 TKJ B'),
('K1P3L.19-0290','MUHAMMAD ICHWAN MUSLIMIN','12 TKJ C'),
('K1P3L.19-0295','ALDI SAPUTRA','12 MM B'),
('K1P3L.19-0346','ALIF MUSTAJIB','12 MM B'),
('K1P3L.19-0347','TYAS ANTHA SAYBANI','12 MM B'),
('K1P3L.19-0391','FAJAR ARIANTO','12 TKJ B'),
('K1P3L.19-0414','M ZIDAN FALAH AL KHAQ','12 MM B'),
('K1P3L.19-0418','BAYU PUJO ANDRIYANTO','12 TKJ B'),
('K1P3L.19-0423','FAKHRI TAMAM SAPUTRA','12 TKJ B'),
('K1P3L.19-0453','MUHAMMAD LUKMAN HAKIM','12 MM B'),
('K1P3L.19-0492','AMIN ILHAM MAULANA','12 TKJ B'),
('K1P3L.19-0509','MUHAMMAD DAFFA NUR MAULIDAN','12 TKJ C'),
('K1P3L.19-0534','DEVA RAMA DANI','12 TKJ B'),
('K1P3L.19-0544','M. ALIF PRAYOGA','12 TKJ B'),
('K1P3L.19-0610','BAGUS DARMAWAN','12 MM B'),
('K1P3L.19-0614','USMAN IBNU AL AFAN','12 TKJ C'),
('K1P3L.19-0624','IQBAL ABDUL JALIL','12 MM B'),
('K1P3L.19-0640','MUHAMAD AFIF DAROINI','12 TKJ C'),
('K1P3L.19-0672','AHMAD DWI PRAYOGA','12 TKJ B'),
('K1P3L.19-0688','MOCH. WILDAN MUTTAQIEN','12 TKJ B'),
('K1P3L.19-0725','MUKHARIS','12 TKJ C'),
('K1P3L.19-0726','MUHAMMAD BASARI','12 TKJ C'),
('K1P3L.19-0741','AHMAD MAULANA','12 TKJ B'),
('K1P3L.19-0834','MUHAMMAD RAFLY','12 TKJ C'),
('K1P3L.19-0852','MOCHAMMAD FAFIRRU ILALLOH','12 MM B'),
('K1P3L.19-0861','MOHAMMAD `ASA FARDAN ADZKIYA','12 TKJ C'),
('K1P3L.19-0872','MOH.ALI MAGHFUR HASBULLAH','12 MM B'),
('K1P3L.19-0875','MOHAMAD NASOICHUL IBAD','12 MM B'),
('K1P3L.19-0896','MUHAMMAD KHOIRUL ANWARUDIN','12 TKJ C'),
('K1P3L.19-0904','SYAKHY FADDILA','12 MM B'),
('K1P3L.19-0935','MUHAMMAD IHSAN GIFARI','12 TKJ C'),
('K1P3L.19-0941','DIMAS SEPTIADI','12 TKJ B'),
('K1P3L.19-0980','DENI SUSILO','12 TKJ B'),
('K1P3L.19-0985','REKAN FAUZI','12 MM B'),
('K1P3L.19-0999','AHMAD CHOLIQ ANNURROHMANSYAH','12 TKJ B'),
('K1P3L.19-1002','AHMAD ANWAR','12 MM B'),
('K1P3L.19-1004','GYM NASTIAR SANUSI','12 MM B'),
('K1P3L.19-1012','MUHAMMAD NU`AIMIRIKZA FACHRUL AZMI','12 TKJ C'),
('K1P3L.19-1018','BIMA ADITIYA FIRMANSAH','12 TKJ B'),
('K1P3L.19-1049','FIKRI FAJAR MAULANA','12 TKJ B'),
('K1P3L.19-1073','MOHAMMAD ALFI ANWINUM MUBTADA','12 TKJ C'),
('K1P3L.19-1102','MOCH AFIF MUCHIBUL U','12 TKJ C'),
('K1P3L.19-1103','EDO ALFAJRI','12 MM B'),
('K1P3L.19-1116','MUHAMMAD PUTRA RAMDANA','12 TKJ C'),
('K1P3L.19-1127','KHILDAN KHOTIBUL UMMAM','12 TKJ B'),
('K1P3L.19-1128','ALDI ALIYAZZEN','12 MM B'),
('K1P3L.19-1149','DEDEK YOGAN TARA','12 TKJ B'),
('K1P3L.19-1163','`ROFFIQ KHASUBA','12 TKJ C'),
('K1P3L.19-1170','MUHAMMAD CHOIRUL ANAM','12 TKJ C'),
('K1P3L.19-1172','MUHAMAD FIRMANSYAH','12 TKJ C'),
('K1P3L.19-1175','AL IRSYAD MUHAMMAD MULTAZAM','12 MM B'),
('K1P3L.19-1202','FARES AUFAL MUNA','12 TKJ B'),
('K1P3L.19-1204','WILLI KUSUMA DIAN','12 TKJ C'),
('K1P3L.19-1237','SHOFI `IRFAN HAMID','12 TKJ C'),
('K1P3L.19-1278','ABDUL AZIZ','12 TKJ B'),
('K1P3L.19-1294','DIMAS APRILIANTO','12 TKJ C'),
('K1P3L.19-1304','FENDI PRATAMA','12 TKJ B'),
('K1P3L.19-1327','ALFIN NASRULLAH','12 TKJ B'),
('K1P3L.20-1176','MUHAMMAD RO`IS MA`SUM','12 TKJ C'),
('K2N1L.18-0715','KHARAS NYAWITA WIDHI','X MM A'),
('K2N1L.18-1089','RISMA AYU SUGIARTI','X MM A'),
('K2N2L.17-0219','RIDA CHOIRUNNISAK','11 MM A'),
('K2N2L.17-0616','SABRINA IQAFITA','11 MM A'),
('K2N2L.17-0742','NEZAIZA NAELA ARIFA','11 MM A'),
('K2N2L.20-1172','NALA ROHMATAL AZZA','11 MM A'),
('K2N2L.20-1195','RIKA MA`ARATUS SHOLIKAH','11 TKJ A'),
('K2N2L.20-1320','ROSYDA EKA WULANDARI','11 MM A'),
('K2P1B.21-0623','NANDA REGITA CAHYANI','X MM A'),
('K2P1B.21-0627','SOFIA MILTAQIA LIFINA','X MM B'),
('K2P1B.21-0639','MARIKA URBANINGRUM','X MM A'),
('K2P1B.21-0644','SOFIA NUR RIZKA KHOIRUNNISAA\'','X TKJ A '),
('K2P1B.21-0647','ADZRA AULIA SIFFANA','X MM B'),
('K2P1B.21-0652','ANNISAUL FADILAH AL KHASAN','X MM A'),
('K2P1B.21-0655','WIWIK ZULFATURROHMAH','X MM B'),
('K2P1B.21-0668','ELVINA NURLAILI','X TKJ A '),
('K2P1B.21-0675','ANI LUTHFI MASITHA','X MM A'),
('K2P1B.21-0685','SALMA AMELIA HIDAYAH','X MM B'),
('K2P1B.21-0686','MARCELLA AGUSTIN','X MM A'),
('K2P1B.21-0696','SRI AINUL MARDHIYYAH','X MM A'),
('K2P1B.21-0698','UMMI MAFROHATUN','X TKJ A '),
('K2P1B.21-0699','BERTY NOVA ARIYANI','X TKJ A '),
('K2P1B.21-0941','ALSHA MARGARETA IFFANDA RIZKY','X TKJ A '),
('K2P1B.21-0952','LAILATUS SAUKY AULIA TAZKYAH ','X MM A'),
('K2P1B.21-0953','DAVINDA LUTHFIANA RAMADHANI','X MM A'),
('K2P1B.21-0954','DENA AAN FADIANI','X TKJ A '),
('K2P1B.21-0956','HUSNA DZAKIYAH','X TKJ A '),
('K2P1B.21-0962','NAFASYA YUAN YUSTIARA','X MM A'),
('K2P1B.21-0963','FITRIA RAMADHANI','X TKJ A '),
('K2P1B.21-0964','SITI SUSANTI','X TKJ A '),
('K2P1B.21-0968','FARADILA MELANI PUTRI','X MM B'),
('K2P1B.21-0969','A\'LA DAROJATI','X MM B'),
('K2P1B.21-1053','RINA HANDAYANI','X TKJ A '),
('K2P1B.21-1054','DESI LIA TRIANA','X MM A'),
('K2P1B.21-1057','IRENA FEBIANTI','X MM A'),
('K2P1B.21-1061','ELA RIYANA','X MM A'),
('K2P1B.21-1081','FARIDA PUTRI NURHAPSARI','X MM B'),
('K2P1B.21-1082','ALFINA HALIMATUS SA\'DIYAH','X MM A'),
('K2P1B.21-1091','NIDAUL CHASANAH','X MM B'),
('K2P1B.21-1095','SITI NURAZHMI FAUZIAH','X MM B'),
('K2P1B.21-1105','KHOIRUN NISA NUFUSYUSYKIAH','X MM A'),
('K2P1B.21-1107','NAJWA MAHMUDAH HIDAYAT','X MM A'),
('K2P1B.21-1108','UMI HABIBAH','X TKJ A '),
('K2P1B.21-1110','RIZKY AYU AMALIYAH','X MM A'),
('K2P1B.21-1112','IRFA NISWITA','X MM A'),
('K2P1B.21-1173','TIARA PUTRI RAMADHANI','X MM A'),
('K2P1B.21-1198','ANA AULIA KHOIRUNNISAK','X MM B'),
('K2P1B.21-1278','ASMAUL FITROH','X MM B'),
('K2P1B.21-1283','SAYYIDATUL LAILI ALWIN NISA\'','X MM B'),
('K2P1B.21-1284','UKHTI NISA SYARIFAH','X TKJ A '),
('K2P1B.21-1288','AIDA JIHANA SOFIYA','X TKJ A '),
('K2P1B.21-1373','CLAUDYA CINTIA METHA','X MM B'),
('K2P1B.21-1374','AULIA DIVA SUGESTY','X TKJ A '),
('K2P1B.21-1376','SARI AYU','X TKJ A '),
('K2P1B.21-1383','LAENA LULUK NURHAQIQI','X MM B'),
('K2P1B.21-1384','SITI JAZIROTUL MUZDALIFAH','X TKJ A '),
('K2P1B.21-1385','ENGGAR RORNCIA','X TKJ A '),
('K2P1B.21-1414','ADILIA ANDINI','X MM B'),
('K2P1B.21-1415','ALIKA MAULIDA LAELI','X MM B'),
('K2P1B.21-1481','DURROTUL HIKMAH','X MM B'),
('K2P1B.21-1489','DEWI NURLAILA','X TKJ A '),
('K2P1B.21-1490','SITI LAELA SOLIKHA','X MM B'),
('K2P1B.21-1493','RISKA MAULIDIYA','X TKJ A '),
('K2P1B.21-1500','MASKURIN NIKMAH','X MM B'),
('K2P1B.21-1536','AQNA NUR SYIFA','X MM B'),
('K2P1B.21-1538','NIRMALA NINGRUM','X MM B'),
('K2P1B.21-1567','INTAN AYU ANGGRAENI','X TKJ A '),
('K2P1B.21-1575','FATIMAH AZ ZAHRO','X MM B'),
('K2P1B.21-1581','MAHAYAYANGILLAH PUTRI RAMADHANI','X TKJ A '),
('K2P1B.21-1617','AZMIYYAH NABILLA PUTRI','X TKJ A '),
('K2P1B.21-1673','DEVIANA NATALIA','X TKJ A'),
('K2P1B.21-1703','AZIZUN NISA','X TKJ A'),
('K2P1B.21-1719','VANESA ANGGRAINI','X MM A'),
('K2P1L.18-0033','NAYLA SABRYNA','X TKJ A '),
('K2P1L.18-0182','INTAN PRATIWI','X MM A'),
('K2P1L.18-0200','ISYQI SHOFIATAL LAILI','X TKJ A '),
('K2P1L.18-0652','ULIN NI\'MAH','X MM B'),
('K2P1L.18-0729','VITA QUEN AULIA','X MM B'),
('K2P1L.18-0732','INDIRA ESA AGUSTIN','X MM B'),
('K2P1L.18-0736','ARINI DIENUL KHOIYIMAH','X MM A'),
('K2P1L.18-1107','ROSA AYU SETYANINGRUM','X TKJ A '),
('K2P1L.18-1108','AGNIE SHOFIA MIRANDA','X MM A'),
('K2P1L.18-1140','MAWA PUTRI AFINA','X TKJ A '),
('K2P1L.18-1145','NURMALA HADI PRATIWI','X MM A'),
('K2P1L.18-1179','KHILMA LUTFIA NUR ISSOBAKH','X TKJ A '),
('K2P1L.18-1205','ANNISA RAHMAT','X MM A'),
('K2P1L.19-0151','AENI LU\'LU NABILA','X TKJ A '),
('K2P1L.19-1169','ASRY RAHMA ALIZZAH','X TKJ A '),
('K2P1L.20-0318','MELI AULIA LESTARI','X MM B'),
('K2P2L.17-0233','FITRIYANI MURSIDAH','11 TKJ A'),
('K2P2L.17-0396','ELMA AMINATU SA\'DIAH','11 TKJ A'),
('K2P2L.20-0326','SAYYIDA ZAHRA KARIMA','11 MM A'),
('K2P2L.20-0801','NINDA DEWI ASTUTI','11 TKJ A'),
('K2P2L.20-0802','NARAI NABILA NOVELIA','11 TKJ A'),
('K2P2L.20-0803','WAHYUNI DEWI ANGGRAININGSIH','11 MM A'),
('K2P2L.20-0804','OLGA SAMROTUL HIKMAH','11 MM A'),
('K2P2L.20-0805','WIDYA SEKAR NINGRUM','11 TKJ A'),
('K2P2L.20-0814','MAULIDA LAILATUL AROFAH','11 TKJ A'),
('K2P2L.20-0822','WAHYU ARINI','11 MM A'),
('K2P2L.20-0826','GALUH SHIIBA SENJA','11 MM A'),
('K2P2L.20-0835','SINIYA NURYA WINATA','11 MM A'),
('K2P2L.20-0841','NILA MAMLUATUL AULIA','11 MM A'),
('K2P2L.20-0842','KHOIRIN NURULASNA RAMADANTI','11 MM A'),
('K2P2L.20-0845','MU`ALIFATUR RIKZA','11 TKJ A'),
('K2P2L.20-0849','PUJA SINDU ARTAH','11 MM A'),
('K2P2L.20-0850','LIZA ADAWIYA','11 MM A'),
('K2P2L.20-0859','RIZQI ADINDA RAHMA','11 MM A'),
('K2P2L.20-0864','MEI IRNASARI','11 MM A'),
('K2P2L.20-0870','NADYA LISIA','11 TKJ A'),
('K2P2L.20-0871','SITI ROKAYAH','11 TKJ A'),
('K2P2L.20-0872','SAFINATUN NAJAH','11 MM A'),
('K2P2L.20-0980','SITI KHOIRUN NIKMAH','11 TKJ A'),
('K2P2L.20-1005','UMI NADIROH','11 MM A'),
('K2P2L.20-1006','RIZKA PUTRI SETIANI','11 MM A'),
('K2P2L.20-1061','NI`MA NURUL KHOLIFAH','11 TKJ A'),
('K2P2L.20-1173','ERINA DWI JAYANTI','11 MM A'),
('K2P2L.20-1179','NUR ISNAINI','11 TKJ A'),
('K2P2L.20-1201','DWISTYANINGSIH','11 MM A'),
('K2P2L.20-1217','LAILIA FATIMATUZ ZAHRO','11 MM A'),
('K2P2L.20-1236','LAILATUL LUTFI KHUSNIAH','11 MM A'),
('K2P2L.20-1290','NUR ROHMAH','11 MM A'),
('K2P2L.20-1291','AURIA RAHMAWATI','11 TKJ A'),
('K2P2L.20-1292','ROI CHATUL JANAH','11 TKJ A'),
('K2P2L.20-1302','LIA FITRA NUR LAILI','11 TKJ A'),
('K2P2L.20-1307','FITRIYAH ALFI','11 MM A'),
('K2P2L.20-1324','AURORA INEZ PINASTI','11 TKJ A'),
('K2P2L.20-1330','LAILA PURNAMA SARI','11 TKJ A'),
('K2P2L.20-1382','ALYA NURUNNAFISAH','11 MM A'),
('K2P2L.20-1404','TRIA NURAZIZA','11 MM A'),
('K2P2L.20-1410','DINA ASTUTI','11 TKJ A'),
('K2P3L.19-0004','FRESTINA MAYA SAFITRI','12 MM A'),
('K2P3L.19-0027','NAJWA ARIFA','12 MM A'),
('K2P3L.19-0068','RANI AMALIA HAPSARI','12 MM A'),
('K2P3L.19-0139','KHUSNUL KHOTIMAH','12 MM A'),
('K2P3L.19-0244','LUTFI FATIMATUL KHOIR','12 MM A'),
('K2P3L.19-0245','RIA RAHMA JUNITA','12 MM A'),
('K2P3L.19-0294','AYU RAFIKA YULIASTI','12 MM A'),
('K2P3L.19-0296','DILA YULIANDARI','12 MM A'),
('K2P3L.19-0297','SULISTIAWATI','12 MM A'),
('K2P3L.19-0416','TATIMATUL MUTANGALIMAH','12 MM A'),
('K2P3L.19-0426','ALFINATUS SOLIKHAH','12 MM A'),
('K2P3L.19-0448','NUR CHOLIDAH','12 MM A'),
('K2P3L.19-0465','SEVIA ANGGI WULANDARI','12 TKJ A'),
('K2P3L.19-0475','DESI MAHARANI','12 TKJ A'),
('K2P3L.19-0489','PRASTIKA ALIFINA GINASTIAR','12 MM A'),
('K2P3L.19-0515','MAMBAUL KHOVIVI','12 TKJ A'),
('K2P3L.19-0533','WAHYUNI CHOIRUN NISA','12 MM A'),
('K2P3L.19-0536','NABILA UMI FARIDA','12 MM A'),
('K2P3L.19-0542','A. AMALIA DEWI','12 MM A'),
('K2P3L.19-0667','DIAH KUSUMA DEWI','12 MM A'),
('K2P3L.19-0729','SYAEFI NURUL KHILQIYAH','12 TKJ A'),
('K2P3L.19-0820','NATASYA CECILIA ADHAVANI ZUAN','12 TKJ A'),
('K2P3L.19-0832','NI`MATUL MAULAYA','12 TKJ A'),
('K2P3L.19-0837','ELA NURUL ANJANI','12 MM A'),
('K2P3L.19-0844','RETNO AGUSTIANI','12 TKJ A'),
('K2P3L.19-0858','AISAH SYIFA KHABIBAH','12 MM A'),
('K2P3L.19-0923','AINUN NAIMAH','12 TKJ A'),
('K2P3L.19-0925','HELLEN RACHMAWATI','12 TKJ A'),
('K2P3L.19-0989','ZAKKI SANANAL ADYAN','12 TKJ A'),
('K2P3L.19-0990','LAILATUL MUKAROMAH','12 TKJ A'),
('K2P3L.19-0998','THERRI DYAH NUR AZIZAH','12 TKJ A'),
('K2P3L.19-1008','TATU FADHILATUL KARIMAH','12 TKJ A'),
('K2P3L.19-1023','SITI NURHIDAYATI','12 TKJ A'),
('K2P3L.19-1046','NAILA BINTA AZIZAH','12 MM A'),
('K2P3L.19-1065','FELICIA RAHMAWATI','12 TKJ A'),
('K2P3L.19-1075','VIDIA NOVIANTI','12 TKJ A'),
('K2P3L.19-1124','ANNISHA EKA RAHMAWATI','12 MM A'),
('K2P3L.19-1182','NADIATUN SOLIHA','12 TKJ A'),
('K2P3L.19-1187','MUFIT DWI AGUSTINE','12 TKJ A'),
('K2P3L.19-1251','ELSA ADISTY OKTAVIA','12 MM A'),
('K2P3L.19-1262','SITI QURATUL A`YUN','12 MM A'),
('K2P3L.20-1211','LAISAH ALFI`AH','12 MM A');

/*!40101 SET SQL_MODE=@OLD_SQL_MODE */;
/*!40014 SET FOREIGN_KEY_CHECKS=@OLD_FOREIGN_KEY_CHECKS */;
/*!40014 SET UNIQUE_CHECKS=@OLD_UNIQUE_CHECKS */;
/*!40111 SET SQL_NOTES=@OLD_SQL_NOTES */;
